patch_id,city_code,distance_to_center_km
adelaide_0651,adelaide,7.811
adelaide_0982,adelaide,3.395
adelaide_0717,adelaide,4.958
adelaide_1330,adelaide,7.99
adelaide_0934,adelaide,1.426
adelaide_0546,adelaide,7.79
adelaide_1250,adelaide,29.916
adelaide_1113,adelaide,14.727
adelaide_0209,adelaide,13.609
adelaide_0819,adelaide,4.976
adelaide_1331,adelaide,8.403
adelaide_0993,adelaide,6.608
adelaide_0212,adelaide,15.493
adelaide_1039,adelaide,3.02
adelaide_0831,adelaide,4.629
adelaide_0248,adelaide,10.495
adelaide_0492,adelaide,5.183
adelaide_0671,adelaide,9.004
adelaide_0139,adelaide,9.885
adelaide_1364,adelaide,31.805
adelaide_0213,adelaide,16.152
adelaide_0432,adelaide,6.527
adelaide_1241,adelaide,22.873
adelaide_0199,adelaide,9.254
adelaide_0020,adelaide,41.971
adelaide_1046,adelaide,6.207
adelaide_1178,adelaide,19.575
adelaide_0989,adelaide,3.75
adelaide_0558,adelaide,5.163
adelaide_0317,adelaide,7.519
adelaide_1182,adelaide,22.697
adelaide_0238,adelaide,19.563
adelaide_0321,adelaide,8.712
adelaide_0544,adelaide,9.18
adelaide_0132,adelaide,23.138
adelaide_1351,adelaide,21.783
adelaide_0973,adelaide,10.02
adelaide_1483,adelaide,27.11
adelaide_0983,adelaide,2.838
adelaide_1355,adelaide,24.834
adelaide_0620,adelaide,8.525
adelaide_0812,adelaide,10.573
adelaide_0897,adelaide,12.639
adelaide_1106,adelaide,9.431
adelaide_0297,adelaide,17.775
adelaide_1436,adelaide,16.629
adelaide_0792,adelaide,21.445
adelaide_0585,adelaide,20.451
adelaide_0124,adelaide,29.063
adelaide_1285,adelaide,15.523
adelaide_1376,adelaide,7.84
adelaide_1533,adelaide,21.294
amsterdam_0238,amsterdam,6.968
amsterdam_0114,amsterdam,4.897
amsterdam_0036,amsterdam,7.201
amsterdam_0018,amsterdam,8.55
amsterdam_0155,amsterdam,4.074
amsterdam_0164,amsterdam,1.407
amsterdam_0103,amsterdam,3.088
amsterdam_0120,amsterdam,1.208
amsterdam_0156,amsterdam,4.871
amsterdam_0167,amsterdam,2.04
bangkok_0857,bangkok,13.927
bangkok_1326,bangkok,24.703
bangkok_1365,bangkok,25.234
bangkok_1515,bangkok,22.62
bangkok_2262,bangkok,41.001
bangkok_1415,bangkok,18.588
bangkok_1967,bangkok,36.414
bangkok_1658,bangkok,24.192
bangkok_0889,bangkok,17.872
bangkok_0858,bangkok,14.638
bangkok_2352,bangkok,43.876
bangkok_1044,bangkok,14.193
bangkok_0970,bangkok,9.982
bangkok_1064,bangkok,13.602
bangkok_1715,bangkok,25.79
bangkok_0011,bangkok,18.173
bangkok_1023,bangkok,12.942
bangkok_1707,bangkok,28.957
bangkok_1486,bangkok,20.199
bangkok_0705,bangkok,12.772
bangkok_0754,bangkok,9.687
bangkok_2346,bangkok,42.96
bangkok_1890,bangkok,30.614
bangkok_1705,bangkok,28.18
bangkok_0524,bangkok,3.088
bangkok_0901,bangkok,8.161
bangkok_0440,bangkok,5.601
bangkok_1299,bangkok,16.417
bangkok_1811,bangkok,28.765
bangkok_0815,bangkok,5.779
bangkok_1732,bangkok,28.537
bangkok_0016,bangkok,18.697
bangkok_2204,bangkok,40.466
bangkok_0114,bangkok,14.183
bangkok_1101,bangkok,13.178
bangkok_0910,bangkok,11.072
bangkok_0152,bangkok,13.353
bangkok_0636,bangkok,2.692
bangkok_0637,bangkok,3.491
bangkok_0913,bangkok,12.817
bangkok_0155,bangkok,20.979
bangkok_0201,bangkok,12.625
bangkok_1579,bangkok,24.986
bangkok_0949,bangkok,13.944
bangkok_2131,bangkok,37.421
bangkok_0852,bangkok,10.567
bangkok_0263,bangkok,9.884
bangkok_1896,bangkok,31.279
bangkok_1287,bangkok,24.811
bangkok_0968,bangkok,10.439
bangkok_0755,bangkok,9.474
bangkok_1090,bangkok,12.711
bangkok_0455,bangkok,11.861
bangkok_0438,bangkok,6.175
bangkok_1114,bangkok,19.689
bangkok_0430,bangkok,10.789
bangkok_0493,bangkok,4.824
bangkok_0690,bangkok,2.065
bangkok_0511,bangkok,11.331
bangkok_0599,bangkok,5.352
bangkok_0549,bangkok,3.083
barcelona_0142,barcelona,1.327
barcelona_0100,barcelona,2.794
barcelona_0160,barcelona,3.797
barcelona_0167,barcelona,3.191
barcelona_0042,barcelona,7.32
barcelona_0050,barcelona,3.689
barcelona_0115,barcelona,3.316
barcelona_0132,barcelona,4.092
barcelona_0015,barcelona,6.916
barcelona_0081,barcelona,2.584
bengaluru_0487,bengaluru,6.514
bengaluru_0969,bengaluru,11.46
bengaluru_0170,bengaluru,8.372
bengaluru_0569,bengaluru,8.093
bengaluru_0894,bengaluru,11.287
bengaluru_0925,bengaluru,12.413
bengaluru_0031,bengaluru,12.06
bengaluru_0500,bengaluru,4.025
bengaluru_0461,bengaluru,5.773
bengaluru_0074,bengaluru,11.2
bengaluru_0077,bengaluru,10.569
bengaluru_0236,bengaluru,6.621
bengaluru_0043,bengaluru,14.309
bengaluru_0674,bengaluru,11.377
bengaluru_0330,bengaluru,9.015
bengaluru_0743,bengaluru,6.169
bengaluru_0051,bengaluru,11.504
bengaluru_0695,bengaluru,4.537
bengaluru_0652,bengaluru,6.875
bengaluru_0389,bengaluru,10.828
bengaluru_0271,bengaluru,5.846
bengaluru_0028,bengaluru,12.151
bengaluru_0172,bengaluru,8.951
bengaluru_0380,bengaluru,4.51
bengaluru_0823,bengaluru,9.683
bengaluru_0671,bengaluru,9.044
bengaluru_1053,bengaluru,13.575
bengaluru_0177,bengaluru,11.294
bengaluru_1043,bengaluru,13.599
bengaluru_0872,bengaluru,11.384
bengaluru_0467,bengaluru,10.461
bengaluru_0728,bengaluru,8.265
bengaluru_0376,bengaluru,3.242
bengaluru_0276,bengaluru,7.902
bengaluru_0744,bengaluru,6.802
bengaluru_0481,bengaluru,11.288
bengaluru_0540,bengaluru,1.537
bengaluru_0701,bengaluru,3.509
bengaluru_0579,bengaluru,0.759
bengaluru_0732,bengaluru,5.668
bergen_0556,bergen,7.172
bergen_0516,bergen,15.82
bergen_0177,bergen,5.908
bergen_0091,bergen,16.402
bergen_0127,bergen,15.472
bergen_0350,bergen,8.079
bergen_0265,bergen,3.124
bergen_0244,bergen,14.48
bergen_0336,bergen,3.634
bergen_0533,bergen,6.372
bergen_0329,bergen,9.017
bergen_0126,bergen,16.263
bergen_0216,bergen,4.948
bergen_0585,bergen,9.266
bergen_0605,bergen,9.963
bergen_0560,bergen,7.822
bergen_0217,bergen,4.161
bergen_0369,bergen,8.419
bergen_0311,bergen,8.759
birmingham_0152,birmingham,5.72
birmingham_0287,birmingham,5.327
birmingham_0190,birmingham,10.122
birmingham_0272,birmingham,6.684
birmingham_0131,birmingham,6.279
birmingham_0435,birmingham,5.908
birmingham_0223,birmingham,3.748
birmingham_0040,birmingham,10.887
birmingham_0068,birmingham,9.673
birmingham_0043,birmingham,9.603
birmingham_0339,birmingham,3.436
birmingham_0081,birmingham,13.047
birmingham_0346,birmingham,8.714
birmingham_0299,birmingham,7.548
bogota_0510,bogota,2.378
bogota_0265,bogota,3.92
bogota_0371,bogota,8.914
bogota_0563,bogota,4.136
bogota_0567,bogota,6.538
bogota_0027,bogota,12.08
bogota_0375,bogota,5.778
bogota_0302,bogota,3.869
bogota_0068,bogota,9.574
bogota_0221,bogota,7.269
bogota_0550,bogota,10.719
bogota_0345,bogota,2.754
bogota_0194,bogota,5.943
bogota_0121,bogota,8.47
bogota_0656,bogota,10.985
bogota_0201,bogota,6.313
bogota_0407,bogota,9.618
bogota_0478,bogota,3.337
bogota_0044,bogota,12.074
bogota_0509,bogota,2.974
bogota_0611,bogota,6.379
bogota_0117,bogota,7.839
bogota_0335,bogota,6.776
bogota_0289,bogota,13.154
bogota_0154,bogota,14.238
bogota_0294,bogota,9.307
bogota_0231,bogota,5.225
bologna_0178,bologna,4.941
bologna_0095,bologna,4.353
bologna_0106,bologna,1.11
bologna_0052,bologna,3.606
bologna_0024,bologna,5.573
bologna_0087,bologna,2.2
brasilia_2052,brasilia,22.223
brasilia_2089,brasilia,22.659
brasilia_2000,brasilia,12.221
brasilia_2428,brasilia,31.379
brasilia_0975,brasilia,27.601
brasilia_2412,brasilia,30.714
brasilia_0790,brasilia,31.539
brasilia_2417,brasilia,33.118
brasilia_1715,brasilia,19.572
brasilia_0744,brasilia,16.925
brasilia_1180,brasilia,7.848
brasilia_1669,brasilia,18.589
brasilia_2394,brasilia,32.508
brasilia_0344,brasilia,25.447
brasilia_0311,brasilia,25.715
brasilia_2411,brasilia,30.273
brasilia_0892,brasilia,13.775
brasilia_0587,brasilia,33.011
brasilia_0343,brasilia,25.622
brasilia_0732,brasilia,20.064
brasilia_0576,brasilia,20.216
brasilia_0303,brasilia,26.592
brasilia_0415,brasilia,23.724
brasilia_0781,brasilia,16.126
brasilia_1849,brasilia,18.183
brasilia_0977,brasilia,26.151
brasilia_0435,brasilia,29.834
brasilia_1179,brasilia,7.341
brasilia_0403,brasilia,28.04
brasilia_0224,brasilia,28.113
brasilia_0689,brasilia,21.169
brasilia_1773,brasilia,11.584
brasilia_0735,brasilia,18.543
brasilia_1146,brasilia,8.368
brasilia_0644,brasilia,23.203
brasilia_1604,brasilia,6.467
brasilia_0940,brasilia,27.22
brasilia_2079,brasilia,14.369
brasilia_0979,brasilia,24.72
brasilia_0603,brasilia,22.945
brasilia_1537,brasilia,4.937
brasilia_0575,brasilia,20.31
brasilia_1998,brasilia,11.63
brasilia_0196,brasilia,29.131
brasilia_1848,brasilia,17.466
brasilia_1402,brasilia,6.058
brasilia_0549,brasilia,32.221
brasilia_0613,brasilia,19.81
brasilia_0799,brasilia,24.234
brasilia_0831,brasilia,29.059
brasilia_0595,brasilia,27.502
brasilia_1350,brasilia,6.5
brasilia_2017,brasilia,19.578
brasilia_0548,brasilia,32.849
brasilia_1961,brasilia,10.635
brasilia_0495,brasilia,21.807
brasilia_1413,brasilia,2.959
brasilia_0814,brasilia,15.574
brasilia_0297,brasilia,28.2
brasilia_1535,brasilia,7.915
brasilia_1984,brasilia,15.444
brasilia_0372,brasilia,26.098
brasilia_1220,brasilia,12.922
brasilia_0347,brasilia,25.069
brasilia_1890,brasilia,17.84
brasilia_1296,brasilia,4.995
brasilia_1323,brasilia,4.345
brasilia_0458,brasilia,22.547
brasilia_1175,brasilia,7.842
brasilia_1382,brasilia,2.103
brasilia_1232,brasilia,5.744
brasilia_1922,brasilia,9.866
brasilia_1866,brasilia,13.829
brasilia_1501,brasilia,5.389
brasilia_1566,brasilia,7.445
brasilia_0273,brasilia,26.753
brasilia_1962,brasilia,10.873
brasilia_1037,brasilia,11.735
brasilia_0829,brasilia,30.454
brasilia_0942,brasilia,25.799
brasilia_0806,brasilia,17.863
brasilia_1609,brasilia,3.884
brasilia_0890,brasilia,14.004
brasilia_1015,brasilia,27.283
brasilia_0776,brasilia,16.708
brasilia_0807,brasilia,17.466
brasilia_0034,brasilia,39.642
brasilia_1697,brasilia,7.017
brasilia_1074,brasilia,11.023
brasilia_0895,brasilia,13.777
brasilia_1297,brasilia,5.484
brasilia_1775,brasilia,10.362
brasilia_1665,brasilia,15.515
brasilia_1688,brasilia,7.005
brasilia_1043,brasilia,10.534
brasilia_0249,brasilia,27.661
brasilia_1696,brasilia,6.544
bratislava_0002,bratislava,16.503
bratislava_0234,bratislava,1.159
bratislava_0201,bratislava,4.941
bratislava_0203,bratislava,3.455
bratislava_0377,bratislava,5.247
bratislava_0339,bratislava,4.617
bratislava_0395,bratislava,4.132
bratislava_0345,bratislava,2.632
bratislava_0120,bratislava,5.767
bratislava_0316,bratislava,1.9
bratislava_0296,bratislava,7.354
bratislava_0438,bratislava,6.464
bratislava_0035,bratislava,9.68
bratislava_0162,bratislava,4.548
bratislava_0101,bratislava,6.068
bratislava_0103,bratislava,6.884
bruges_0082,bruges,1.911
brussels_0010,brussels,2.217
bucharest_0022,bucharest,8.367
bucharest_0079,bucharest,10.332
bucharest_0126,bucharest,5.197
bucharest_0246,bucharest,4.978
bucharest_0243,bucharest,7.356
bucharest_0050,bucharest,6.446
bucharest_0349,bucharest,6.524
bucharest_0110,bucharest,3.983
bucharest_0023,bucharest,8.163
bucharest_0264,bucharest,5.935
bucharest_0094,bucharest,6.7
bucharest_0217,bucharest,11.123
bucharest_0150,bucharest,4.076
bucharest_0058,bucharest,8.964
bucharest_0157,bucharest,3.305
bucharest_0151,bucharest,3.458
bucharest_0197,bucharest,4.971
bucharest_0196,bucharest,5.763
bucharest_0131,bucharest,3.183
budapest_0684,budapest,15.618
budapest_0616,budapest,12.755
budapest_0604,budapest,9.177
budapest_0496,budapest,9.343
budapest_0460,budapest,8.819
budapest_0709,budapest,14.478
budapest_0666,budapest,13.09
budapest_0595,budapest,9.82
budapest_0718,budapest,12.76
budapest_0788,budapest,16.802
budapest_0328,budapest,8.004
budapest_0563,budapest,9.994
budapest_0733,budapest,14.038
budapest_0592,budapest,11.116
budapest_0351,budapest,11.007
budapest_0654,budapest,10.537
budapest_0202,budapest,11.681
budapest_0685,budapest,15.116
budapest_0396,budapest,5.381
budapest_0765,budapest,15.162
budapest_0278,budapest,1.376
budapest_0295,budapest,10.17
budapest_0065,budapest,12.619
budapest_0378,budapest,8.184
budapest_0446,budapest,11.03
budapest_0479,budapest,10.03
budapest_0313,budapest,4.621
budapest_0565,budapest,9.114
budapest_0270,budapest,5.303
budapest_0011,budapest,7.262
budapest_0167,budapest,5.703
budapest_0370,budapest,3.357
budapest_0463,budapest,7.117
budapest_0052,budapest,5.658
budapest_0095,budapest,8.654
budapest_0160,budapest,2.488
budapest_0303,budapest,3.966
buenosaires_0101,buenosaires,11.733
buenosaires_0028,buenosaires,11.309
buenosaires_0012,buenosaires,12.497
buenosaires_0083,buenosaires,10.269
buenosaires_0227,buenosaires,4.61
buenosaires_0044,buenosaires,10.988
buenosaires_0283,buenosaires,3.956
buenosaires_0024,buenosaires,12.363
buenosaires_0105,buenosaires,9.603
buenosaires_0152,buenosaires,9.473
buenosaires_0186,buenosaires,5.73
buenosaires_0198,buenosaires,7.216
buenosaires_0159,buenosaires,6.449
buenosaires_0103,buenosaires,10.601
buenosaires_0289,buenosaires,1.124
buenosaires_0237,buenosaires,4.963
buenosaires_0127,buenosaires,10.021
cairo_2083,cairo,60.369
cairo_1483,cairo,42.188
cairo_1951,cairo,54.375
cairo_2111,cairo,62.157
cairo_1448,cairo,41.449
cairo_1800,cairo,49.765
cairo_2053,cairo,57.346
cairo_1767,cairo,48.728
cairo_1921,cairo,53.037
cairo_1799,cairo,49.475
cairo_2100,cairo,61.766
cairo_1730,cairo,47.42
cairo_2064,cairo,58.092
cairo_2086,cairo,61.393
cairo_2120,cairo,63.901
cairo_2052,cairo,57.061
cairo_2068,cairo,59.64
cairo_1519,cairo,43.234
cairo_1979,cairo,55.115
cairo_0877,cairo,24.961
cairo_1342,cairo,37.103
cairo_0196,cairo,21.526
cairo_0404,cairo,24.334
cairo_0823,cairo,22.033
cairo_1341,cairo,36.904
cairo_2032,cairo,56.033
cairo_1950,cairo,54.074
cairo_0227,cairo,9.005
cairo_1404,cairo,38.857
cairo_0440,cairo,24.655
cairo_1290,cairo,35.162
cairo_1834,cairo,51.113
cairo_1703,cairo,47.857
cairo_0748,cairo,17.46
cairo_0978,cairo,27.059
cairo_2082,cairo,60.045
cairo_1760,cairo,46.999
cairo_0502,cairo,14.615
cairo_1243,cairo,35.279
cairo_2091,cairo,56.806
cairo_1582,cairo,41.455
cairo_0439,cairo,25.385
cairo_0602,cairo,16.053
cairo_1242,cairo,35.821
cairo_0596,cairo,14.018
cairo_1198,cairo,31.856
cairo_0493,cairo,11.295
cairo_1969,cairo,52.093
cairo_0910,cairo,23.101
cairo_0457,cairo,10.242
cairo_1989,cairo,51.906
cairo_0775,cairo,20.987
cairo_0028,cairo,3.977
cairo_1474,cairo,40.02
cairo_0726,cairo,17.314
cairo_1621,cairo,42.314
cairo_0489,cairo,11.073
cairo_1170,cairo,31.084
cairo_0145,cairo,8.138
cairo_0765,cairo,18.682
cairo_1809,cairo,47.6
cairo_0477,cairo,24.998
cairo_0855,cairo,24.586
cairo_0281,cairo,26.577
cairo_1602,cairo,45.475
cairo_1333,cairo,35.846
cairo_0004,cairo,3.365
cairo_0914,cairo,23.097
cairo_0791,cairo,19.112
cairo_0153,cairo,15.919
cairo_0232,cairo,29.496
cairo_0435,cairo,14.028
cairo_0090,cairo,3.886
cairo_1845,cairo,47.957
cairo_0542,cairo,27.151
cairo_0416,cairo,10.991
cairo_0544,cairo,25.745
cairo_0865,cairo,21.459
cairo_0906,cairo,23.544
cairo_0350,cairo,9.181
cairo_0113,cairo,3.859
cairo_0338,cairo,10.664
cairo_0043,cairo,0.642
cairo_0060,cairo,3.534
cairo_0943,cairo,24.054
cairo_0942,cairo,23.962
cairo_0578,cairo,26.148
cairo_0496,cairo,12.03
cairo_0991,cairo,25.648
caracas_0148,caracas,0.893
caracas_0043,caracas,7.836
caracas_0120,caracas,1.626
caracas_0068,caracas,5.278
caracas_0373,caracas,12.232
caracas_0387,caracas,13.026
caracas_0399,caracas,13.82
casablanca_0041,casablanca,7.521
casablanca_0269,casablanca,8.379
casablanca_0259,casablanca,6.552
casablanca_0103,casablanca,4.093
casablanca_0048,casablanca,10.073
casablanca_0078,casablanca,10.118
casablanca_0261,casablanca,6.174
casablanca_0316,casablanca,10.174
casablanca_0243,casablanca,6.61
casablanca_0159,casablanca,7.125
casablanca_0262,casablanca,6.135
chandigarh_0157,chandigarh,5.766
chandigarh_0018,chandigarh,5.071
chandigarh_0102,chandigarh,1.3
chandigarh_0057,chandigarh,2.702
chandigarh_0026,chandigarh,5.568
chandigarh_0035,chandigarh,4.455
chandigarh_0113,chandigarh,3.824
chandigarh_0170,chandigarh,4.966
chandigarh_0090,chandigarh,0.49
chandigarh_0055,chandigarh,4.023
chandigarh_0043,chandigarh,2.893
chandigarh_0088,chandigarh,1.2
chandigarh_0056,chandigarh,3.332
chandigarh_0153,chandigarh,5.322
chandigarh_0158,chandigarh,5.186
chennai_0572,chennai,4.431
chennai_0193,chennai,7.286
chennai_0186,chennai,8.925
chennai_0614,chennai,14.052
chennai_0157,chennai,8.166
chennai_0277,chennai,5.689
chennai_0194,chennai,7.376
chennai_0427,chennai,23.708
chennai_0481,chennai,14.87
chennai_0025,chennai,13.845
chennai_0446,chennai,8.731
chennai_0188,chennai,8.103
chennai_0221,chennai,12.57
chennai_0069,chennai,11.067
chennai_0046,chennai,12.093
chennai_0044,chennai,12.759
chennai_0216,chennai,16.132
chennai_0644,chennai,5.005
chennai_0503,chennai,3.286
chennai_0411,chennai,3.495
chennai_0403,chennai,6.121
chennai_0622,chennai,1.589
chennai_0324,chennai,6.076
chennai_0374,chennai,9.363
chennai_0394,chennai,12.8
chennai_0178,chennai,13.67
chennai_0307,chennai,12.559
chennai_0154,chennai,8.158
chennai_0275,chennai,5.792
chennai_0317,chennai,5.256
chennai_0464,chennai,6.517
chennai_0148,chennai,10.043
chennai_0037,chennai,12.862
chennai_0171,chennai,18.653
chennai_0246,chennai,11.275
chicago_0338,chicago,20.043
chicago_0085,chicago,15.597
chicago_0637,chicago,13.427
chicago_0582,chicago,16.712
chicago_0348,chicago,10.805
chicago_0642,chicago,9.481
chicago_0255,chicago,17.042
chicago_0833,chicago,14.254
chicago_0675,chicago,20.526
chicago_0639,chicago,11.844
chicago_0769,chicago,13.305
chicago_0280,chicago,9.732
chicago_0199,chicago,11.125
chicago_0720,chicago,18.899
chicago_0488,chicago,12.453
chicago_0719,chicago,19.699
chicago_0077,chicago,17.536
chicago_0067,chicago,16.706
chicago_0506,chicago,5.066
chicago_0082,chicago,17.024
chicago_0892,chicago,17.105
chicago_0576,chicago,21.466
chicago_0303,chicago,13.215
chicago_0244,chicago,14.045
chicago_0156,chicago,13.163
chicago_0767,chicago,14.905
chicago_0329,chicago,12.419
chicago_0269,chicago,9.066
chicago_0228,chicago,9.319
chicago_0696,chicago,3.846
chicago_0394,chicago,10.33
chicago_0304,chicago,12.563
chicago_0166,chicago,11.842
chicago_0536,chicago,13.742
chicago_0259,chicago,14.329
chicago_0555,chicago,3.969
chicago_0232,chicago,9.149
chicago_0487,chicago,13.207
chicago_0541,chicago,9.923
chicago_0638,chicago,12.635
chicago_0167,chicago,12.209
chicago_0636,chicago,14.22
chicago_0396,chicago,9.06
chicago_0202,chicago,12.413
chicago_0277,chicago,8.713
chicago_0347,chicago,11.445
chicago_0830,chicago,16.632
chicago_0218,chicago,13.577
chicago_0371,chicago,11.954
chicago_0585,chicago,14.347
chicago_0770,chicago,12.505
chicago_0481,chicago,17.818
chicago_0673,chicago,22.124
chicago_0346,chicago,12.104
chicago_0542,chicago,9.178
chicago_0563,chicago,9.012
chicago_0302,chicago,13.882
chicago_0421,chicago,14.373
chicago_0577,chicago,20.672
chicago_0914,chicago,15.067
chicago_0806,chicago,10.974
chicago_0392,chicago,11.681
chicago_0776,chicago,7.71
chicago_0587,chicago,12.778
chicago_0050,chicago,15.303
chicago_0896,chicago,14.043
chicago_0378,chicago,16.893
chicago_0376,chicago,15.436
chicago_0537,chicago,12.97
chicago_0144,chicago,14.175
chicago_0345,chicago,12.779
chicago_0761,chicago,19.704
chicago_0875,chicago,16.131
chicago_0103,chicago,15.897
chicago_0939,chicago,21.636
chicago_0262,chicago,12.447
chicago_0043,chicago,21.919
chicago_0567,chicago,12.028
chicago_0880,chicago,12.273
chicago_0829,chicago,17.426
chicago_0237,chicago,10.421
chicago_0118,chicago,14.831
chicago_0953,chicago,21.158
chicago_0312,chicago,8.342
chicago_0717,chicago,21.3
chicago_0802,chicago,14.157
chicago_0094,chicago,16.414
chicago_0715,chicago,22.9
chicago_0408,chicago,6.475
chicago_0445,chicago,8.562
chicago_0803,chicago,13.36
chicago_0065,chicago,17.647
chicago_0934,chicago,25.459
chicago_0874,chicago,16.911
chicago_0301,chicago,14.563
chicago_0676,chicago,19.727
chicago_0169,chicago,13.059
chicago_0234,chicago,9.477
chicago_0387,chicago,15.272
chicago_0952,chicago,21.905
chicago_0678,chicago,18.129
chicago_0941,chicago,20.126
chicago_0644,chicago,7.919
chicago_0647,chicago,5.615
chicago_0120,chicago,15.784
chicago_0170,chicago,13.535
chicago_0591,chicago,9.672
chicago_0588,chicago,11.997
chicago_0226,chicago,9.803
chicago_0902,chicago,24.289
chicago_0276,chicago,8.498
chicago_0219,chicago,12.993
chicago_0370,chicago,11.299
chicago_0540,chicago,10.676
chicago_0261,chicago,13.056
chicago_0217,chicago,14.182
chicago_0940,chicago,20.879
chicago_0422,chicago,15.106
chicago_0546,chicago,6.333
chicago_0583,chicago,15.923
chicago_0491,chicago,10.231
chicago_0758,chicago,22.104
chicago_0505,chicago,4.686
chicago_0231,chicago,9.086
chicago_0535,chicago,14.518
chicago_0393,chicago,10.997
chicago_0068,chicago,16.275
chicago_0260,chicago,13.684
chicago_0323,chicago,9.06
chicago_0489,chicago,11.704
chicago_0674,chicago,21.325
chicago_0272,chicago,8.381
chicago_0102,chicago,16.417
chicago_0716,chicago,22.1
chicago_0117,chicago,14.398
chicago_0913,chicago,15.818
chicago_0070,chicago,14.537
chicago_0895,chicago,14.803
chicago_0328,chicago,11.79
chicago_0137,chicago,11.798
chicago_0584,chicago,15.134
chicago_0119,chicago,15.294
chicago_0242,chicago,12.865
chicago_0766,chicago,15.704
chicago_0628,chicago,20.583
chicago_0938,chicago,22.395
chicago_0908,chicago,19.633
chicago_0412,chicago,8.338
chicago_0130,chicago,14.772
chicago_0430,chicago,19.568
chicago_0188,chicago,12.523
chicago_0332,chicago,14.409
chicago_0604,chicago,2.9
chicago_0539,chicago,11.436
chicago_0512,chicago,8.646
chicago_0632,chicago,17.398
chicago_0692,chicago,6.976
chicago_0493,chicago,8.803
chicago_0859,chicago,12.832
chicago_0439,chicago,12.75
chicago_0482,chicago,17.042
chicago_0364,chicago,7.951
chicago_0910,chicago,18.097
chicago_0161,chicago,10.739
chicago_0855,chicago,15.966
chicago_0919,chicago,25.253
chicago_0110,chicago,12.43
chicago_0731,chicago,10.098
chicago_0500,chicago,4.763
chicago_0419,chicago,12.929
chicago_0424,chicago,16.593
chicago_0672,chicago,22.924
chicago_0406,chicago,5.984
chicago_0898,chicago,12.539
chicago_0764,chicago,17.304
chicago_0909,chicago,18.864
chicago_0369,chicago,10.664
chicago_0229,chicago,9.172
chicago_0732,chicago,9.297
chicago_0398,chicago,7.911
chicago_0436,chicago,14.982
chicago_0688,chicago,10.151
chicago_0630,chicago,18.99
chicago_0389,chicago,13.809
chicago_0718,chicago,20.499
chicago_0929,chicago,16.848
chicago_0516,chicago,11.537
chicago_0336,chicago,21.558
chicago_0569,chicago,13.568
chicago_0221,chicago,11.901
chicago_0358,chicago,6.698
chicago_0143,chicago,13.721
chicago_0442,chicago,10.591
chicago_0629,chicago,19.787
chicago_0189,chicago,12.048
chicago_0410,chicago,7.291
chicago_0492,chicago,9.51
chicago_0299,chicago,15.957
chicago_0163,chicago,11.02
chicago_0337,chicago,20.799
chicago_0313,chicago,8.02
chicago_0677,chicago,18.928
chicago_0627,chicago,21.38
chicago_0438,chicago,13.488
chicago_0455,chicago,5.2
chicago_0543,chicago,8.443
chicago_0586,chicago,13.562
chicago_0212,chicago,17.445
chicago_0894,chicago,15.567
chicago_0013,chicago,21.27
chicago_0760,chicago,20.504
chicago_0694,chicago,5.401
chicago_0562,chicago,8.279
chicago_0330,chicago,13.067
chicago_0612,chicago,7.976
chicago_0093,chicago,15.944
chicago_0807,chicago,10.18
chicago_0386,chicago,16.014
chicago_0685,chicago,12.541
chicago_0575,chicago,22.26
chicago_0446,chicago,7.932
chicago_0109,chicago,12.332
chicago_0801,chicago,14.954
chicago_0626,chicago,22.178
chicago_0514,chicago,10.068
chicago_0778,chicago,6.115
chicago_0360,chicago,6.772
chicago_0287,chicago,13.541
chicago_0721,chicago,18.099
chicago_0893,chicago,16.335
chicago_0931,chicago,15.368
chicago_0051,chicago,15.547
chicago_0771,chicago,11.706
chicago_0230,chicago,9.094
chicago_0854,chicago,16.753
chicago_0624,chicago,23.773
chicago_0609,chicago,5.771
chicago_0652,chicago,2.279
chicago_0417,chicago,11.526
chicago_0564,chicago,9.755
chicago_0350,chicago,9.598
chicago_0326,chicago,10.602
chicago_0551,chicago,3.711
chicago_0295,chicago,20.324
chicago_0744,chicago,0.416
chicago_0557,chicago,4.943
chicago_0646,chicago,6.375
chicago_0509,chicago,6.667
chicago_0703,chicago,2.194
chicago_0603,chicago,2.697
chicago_0728,chicago,12.498
chicago_0357,chicago,6.804
chicago_0579,chicago,19.086
chicago_0247,chicago,15.952
chicago_0243,chicago,13.444
chicago_0774,chicago,9.308
chicago_0452,chicago,5.241
chicago_0081,chicago,19.656
chicago_0331,chicago,13.731
chicago_0702,chicago,1.548
chicago_0257,chicago,15.663
chicago_0601,chicago,2.973
chicago_0461,chicago,7.795
chicago_0842,chicago,7.212
chicago_0122,chicago,16.835
chicago_0123,chicago,17.392
chicago_0813,chicago,5.455
cleveland_0462,cleveland,10.072
cleveland_0487,cleveland,10.794
cleveland_0177,cleveland,11.127
cleveland_0186,cleveland,4.307
cleveland_0057,cleveland,9.412
cleveland_0163,cleveland,10.542
cleveland_0176,cleveland,11.912
cleveland_0141,cleveland,6.437
cleveland_0171,cleveland,4.765
cleveland_0391,cleveland,7.997
cleveland_0549,cleveland,11.461
cleveland_0440,cleveland,8.707
cleveland_0438,cleveland,9.363
cleveland_0193,cleveland,10.204
cleveland_0293,cleveland,3.223
cleveland_0080,cleveland,9.904
cleveland_0194,cleveland,9.411
cleveland_0331,cleveland,4.236
cleveland_0042,cleveland,10.211
cleveland_0084,cleveland,8.322
cleveland_0364,cleveland,10.3
cleveland_0436,cleveland,10.23
cleveland_0147,cleveland,11.55
cleveland_0385,cleveland,11.414
cleveland_0256,cleveland,1.487
cleveland_0087,cleveland,7.814
cleveland_0046,cleveland,13.227
cleveland_0501,cleveland,11.877
cleveland_0159,cleveland,4.015
cleveland_0439,cleveland,9.005
cleveland_0375,cleveland,5.814
cleveland_0138,cleveland,8.296
cleveland_0041,cleveland,10.282
cleveland_0094,cleveland,9.832
cleveland_0432,cleveland,12.409
cleveland_0075,cleveland,12.766
cleveland_0173,cleveland,3.662
cleveland_0305,cleveland,5.648
cleveland_0174,cleveland,3.268
cleveland_0200,cleveland,4.717
cleveland_0112,cleveland,7.662
cleveland_0542,cleveland,12.266
cleveland_0492,cleveland,9.821
cleveland_0142,cleveland,5.904
cleveland_0435,cleveland,10.727
cleveland_0272,cleveland,1.829
cleveland_0403,cleveland,8.345
cleveland_0277,cleveland,11.995
cleveland_0036,cleveland,11.497
cleveland_0292,cleveland,2.827
cleveland_0231,cleveland,6.11
cleveland_0172,cleveland,4.173
cleveland_0376,cleveland,5.909
cleveland_0083,cleveland,8.634
cleveland_0464,cleveland,9.465
cologne_0347,cologne,5.951
cologne_0296,cologne,8.22
cologne_0049,cologne,7.531
cologne_0035,cologne,9.333
cologne_0574,cologne,12.641
cologne_0116,cologne,5.575
cologne_0529,cologne,10.38
cologne_0261,cologne,2.845
cologne_0254,cologne,3.194
cologne_0119,cologne,5.132
cologne_0429,cologne,8.298
cologne_0198,cologne,2.79
cologne_0260,cologne,2.134
cologne_0597,cologne,11.824
cologne_0502,cologne,9.803
cologne_0265,cologne,5.921
cologne_0203,cologne,4.368
cologne_0478,cologne,8.12
cologne_0169,cologne,3.67
cologne_0193,cologne,5.338
cologne_0277,cologne,6.997
cologne_0561,cologne,8.588
cologne_0078,cologne,8.39
cologne_0211,cologne,10.185
cologne_0255,cologne,2.461
cologne_0364,cologne,2.155
cologne_0581,cologne,9.529
cologne_0455,cologne,6.991
denver_0259,denver,3.304
denver_0069,denver,7.041
denver_0242,denver,3.201
denver_0129,denver,4.302
denver_0262,denver,3.855
denver_0349,denver,7.071
denver_0258,denver,3.487
denver_0324,denver,5.813
denver_0220,denver,2.079
denver_0222,denver,3.286
denver_0303,denver,5.285
denver_0172,denver,5.981
denver_0239,denver,2.51
denver_0368,denver,7.294
denver_0171,denver,6.782
denver_0064,denver,4.877
denver_0112,denver,5.413
denver_0302,denver,5.033
denver_0243,denver,3.759
denver_0191,denver,6.045
denver_0042,denver,5.88
denver_0120,denver,4.266
denver_0105,denver,3.336
denver_0033,denver,7.571
denver_0217,denver,2.054
denver_0304,denver,5.64
denver_0063,denver,4.74
denver_0084,denver,4.094
denver_0128,denver,3.654
denver_0257,denver,3.833
denver_0195,denver,2.916
denver_0263,denver,4.329
denver_0177,denver,1.981
denver_0273,denver,6.596
denver_0150,denver,5.44
denver_0143,denver,1.566
denver_0278,denver,4.249
denver_0185,denver,4.424
denver_0289,denver,10.4
denver_0277,denver,4.537
denver_0065,denver,5.136
denver_0294,denver,7.119
denver_0399,denver,10.579
denver_0244,denver,4.391
denver_0174,denver,4.381
denver_0253,denver,6.133
denver_0319,denver,6.326
denver_0494,denver,17.677
denver_0200,denver,1.507
denver_0284,denver,5.458
denver_0139,denver,3.889
denver_0162,denver,0.834
denver_0089,denver,4.831
denver_0210,denver,6.986
denver_0305,denver,6.08
denver_0117,denver,6.415
denver_0457,denver,12.121
denver_0203,denver,3.729
denver_0202,denver,2.957
denver_0417,denver,10.306
denver_0463,denver,12.87
denver_0354,denver,13.683
denver_0515,denver,19.789
detroit_0706,detroit,14.244
detroit_0066,detroit,17.416
detroit_0179,detroit,16.003
detroit_0053,detroit,13.167
detroit_0294,detroit,7.598
detroit_0533,detroit,12.257
detroit_0063,detroit,15.941
detroit_0551,detroit,11.519
detroit_0239,detroit,11.779
detroit_0605,detroit,12.023
detroit_0107,detroit,17.639
detroit_0089,detroit,12.37
detroit_0624,detroit,13.04
detroit_0203,detroit,11.946
detroit_0414,detroit,14.508
detroit_0058,detroit,14.062
detroit_0494,detroit,11.503
detroit_0267,detroit,8.736
detroit_0705,detroit,13.609
detroit_0004,detroit,17.233
detroit_0057,detroit,13.795
detroit_0090,detroit,12.463
detroit_0720,detroit,14.122
detroit_0433,detroit,11.978
detroit_0217,detroit,13.651
detroit_0274,detroit,11.719
detroit_0059,detroit,14.369
detroit_0144,detroit,16.511
detroit_0306,detroit,13.038
detroit_0165,detroit,11.536
detroit_0364,detroit,15.062
detroit_0098,detroit,14.83
detroit_0453,detroit,10.991
detroit_0205,detroit,12.905
detroit_0321,detroit,6.806
detroit_0146,detroit,15.33
detroit_0613,detroit,5.649
detroit_0006,detroit,16.342
detroit_0196,detroit,9.98
detroit_0273,detroit,11.17
detroit_0093,detroit,13.037
detroit_0148,detroit,14.231
detroit_0127,detroit,11.825
detroit_0317,detroit,7.061
detroit_0422,detroit,4.408
detroit_0102,detroit,16.821
detroit_0060,detroit,14.713
detroit_0358,detroit,10.815
detroit_0213,detroit,16.173
detroit_0118,detroit,12.392
detroit_0067,detroit,17.952
detroit_0708,detroit,15.559
detroit_0454,detroit,11.768
detroit_0292,detroit,7.545
detroit_0316,detroit,7.345
detroit_0041,detroit,15.666
detroit_0410,detroit,11.493
detroit_0114,detroit,13.89
detroit_0022,detroit,14.559
detroit_0054,detroit,13.255
detroit_0199,detroit,10.507
detroit_0197,detroit,10.096
detroit_0330,detroit,10.642
detroit_0441,detroit,2.919
detroit_0019,detroit,14.047
detroit_0389,detroit,14.018
detroit_0087,detroit,12.338
detroit_0255,detroit,10.847
detroit_0101,detroit,16.287
detroit_0685,detroit,10.154
detroit_0399,detroit,4.703
detroit_0091,detroit,12.606
detroit_0534,detroit,13.057
detroit_0209,detroit,15.151
detroit_0735,detroit,14.659
detroit_0612,detroit,5.2
detroit_0750,detroit,16.38
detroit_0344,detroit,6.304
detroit_0237,detroit,10.838
detroit_0074,detroit,16.489
detroit_0312,detroit,9.115
detroit_0177,detroit,17.515
detroit_0221,detroit,11.472
detroit_0195,detroit,9.928
detroit_0238,detroit,11.29
detroit_0071,detroit,18.172
detroit_0417,detroit,3.776
detroit_0763,detroit,17.509
detroit_0532,detroit,11.458
detroit_0381,detroit,8.394
detroit_0266,detroit,8.528
detroit_0690,detroit,13.126
detroit_0520,detroit,1.907
detroit_0698,detroit,9.865
detroit_0046,detroit,13.892
detroit_0440,detroit,2.736
detroit_0373,detroit,5.131
detroit_0182,detroit,14.198
detroit_0343,detroit,6.62
detroit_0021,detroit,14.346
detroit_0045,detroit,14.175
detroit_0397,detroit,4.332
detroit_0185,detroit,12.594
dublin_0004,dublin,7.152
dublin_0091,dublin,0.795
dublin_0038,dublin,5.212
dublin_0195,dublin,7.205
fez_0015,fez,5.073
fez_0001,fez,5.63
fez_0124,fez,4.378
fez_0013,fez,6.272
fez_0009,fez,4.524
fez_0069,fez,2.209
fez_0100,fez,2.642
fez_0007,fez,4.882
genoa_0079,genoa,10.174
genoa_0197,genoa,7.851
genoa_0287,genoa,7.854
genoa_0166,genoa,9.806
genoa_0138,genoa,5.504
genoa_0070,genoa,10.488
genoa_0244,genoa,2.583
genoa_0214,genoa,0.319
genoa_0174,genoa,3.099
genoa_0215,genoa,0.526
genoa_0139,genoa,5.966
genoa_0106,genoa,7.647
genoa_0338,genoa,9.132
genoa_0328,genoa,8.568
genoa_0018,genoa,18.049
ghent_0021,ghent,6.399
ghent_0163,ghent,2.55
ghent_0101,ghent,1.524
ghent_0182,ghent,5.364
ghent_0120,ghent,1.228
hanoi_0360,hanoi,53.773
hanoi_0180,hanoi,55.316
hanoi_2678,hanoi,31.876
hanoi_0401,hanoi,53.49
hanoi_4046,hanoi,15.101
hanoi_2895,hanoi,10.678
hanoi_0830,hanoi,33.921
hanoi_4700,hanoi,15.27
hanoi_2112,hanoi,14.081
hanoi_2934,hanoi,26.062
hanoi_3066,hanoi,38.333
hanoi_3815,hanoi,19.621
hanoi_0796,hanoi,35.121
hanoi_2326,hanoi,22.673
hanoi_2772,hanoi,34.018
hanoi_3973,hanoi,2.242
hanoi_3415,hanoi,14.248
hanoi_2480,hanoi,39.248
hanoi_3903,hanoi,16.471
hanoi_4248,hanoi,13.237
hanoi_0933,hanoi,32.727
hanoi_0020,hanoi,59.113
hanoi_3336,hanoi,23.856
hanoi_2686,hanoi,25.742
hanoi_3034,hanoi,23.538
hanoi_1783,hanoi,38.017
hanoi_2826,hanoi,16.555
hanoi_2591,hanoi,26.008
hanoi_1951,hanoi,23.086
hanoi_2349,hanoi,11.46
hanoi_2063,hanoi,23.185
hanoi_4016,hanoi,42.114
hanoi_2673,hanoi,35.757
hanoi_1392,hanoi,22.775
hanoi_2199,hanoi,19.705
hanoi_0435,hanoi,50.104
hanoi_0266,hanoi,56.255
hanoi_2471,hanoi,31.078
hanoi_4511,hanoi,29.678
hanoi_4551,hanoi,9.815
hanoi_1892,hanoi,16.438
hanoi_2474,hanoi,43.914
hanoi_0833,hanoi,33.808
hanoi_0093,hanoi,57.762
hanoi_1128,hanoi,28.236
hanoi_2641,hanoi,20.852
hanoi_3550,hanoi,35.619
hanoi_3952,hanoi,17.34
hanoi_0907,hanoi,34.513
hanoi_1502,hanoi,21.637
hanoi_3628,hanoi,28.432
hanoi_1134,hanoi,29.761
hanoi_3437,hanoi,32.519
hanoi_2782,hanoi,24.733
hanoi_3613,hanoi,16.441
hanoi_2260,hanoi,12.514
hanoi_2713,hanoi,8.285
hanoi_2518,hanoi,11.486
hanoi_1735,hanoi,21.245
hanoi_2171,hanoi,15.055
hanoi_2936,hanoi,27.613
hanoi_3242,hanoi,25.56
hanoi_1427,hanoi,25.485
hanoi_3038,hanoi,26.652
hanoi_1747,hanoi,17.911
hanoi_3387,hanoi,9.556
hanoi_1860,hanoi,34.804
hanoi_3138,hanoi,24.136
hanoi_3967,hanoi,5.645
hanoi_4363,hanoi,25.955
hanoi_3693,hanoi,0.439
hanoi_2834,hanoi,22.465
hanoi_4330,hanoi,17.279
hanoi_1693,hanoi,20.412
hanoi_3140,hanoi,25.704
hanoi_4068,hanoi,5.335
hanoi_2797,hanoi,11.802
hanoi_1931,hanoi,36.602
hanoi_2074,hanoi,33.025
hanoi_0756,hanoi,38.541
hanoi_1562,hanoi,21.586
hanoi_2618,hanoi,9.005
hanoi_2158,hanoi,22.202
hanoi_3519,hanoi,20.491
hanoi_0584,hanoi,41.569
hanoi_0283,hanoi,52.671
hanoi_0238,hanoi,55.125
hanoi_0690,hanoi,38.731
hanoi_0838,hanoi,33.997
hanoi_1129,hanoi,28.44
hanoi_1269,hanoi,31.143
hanoi_1279,hanoi,26.837
hanoi_3323,hanoi,12.866
hanoi_2092,hanoi,19.656
hanoi_0339,hanoi,47.673
hanoi_2517,hanoi,11.924
hanoi_3247,hanoi,30.307
hanoi_2461,hanoi,23.712
hanoi_3427,hanoi,24.551
hanoi_0742,hanoi,36.262
hanoi_0402,hanoi,53.907
hanoi_4060,hanoi,3.609
hanoi_1359,hanoi,29.049
hanoi_3920,hanoi,30.048
hanoi_1521,hanoi,30.424
hanoi_4611,hanoi,31.959
hanoi_3880,hanoi,3.129
hanoi_2267,hanoi,12.517
hanoi_1278,hanoi,27.193
hanoi_1812,hanoi,19.328
hanoi_4374,hanoi,8.095
hanoi_2095,hanoi,18.025
hanoi_4488,hanoi,7.901
hanoi_1611,hanoi,19.6
hanoi_4689,hanoi,14.661
hanoi_1533,hanoi,27.057
hanoi_0476,hanoi,49.748
hanoi_3541,hanoi,38.06
hanoi_0317,hanoi,52.614
hanoi_0693,hanoi,39.322
hanoi_4388,hanoi,8.639
hanoi_3786,hanoi,3.646
hanoi_0929,hanoi,31.833
hanoi_2616,hanoi,9.215
hanoi_2249,hanoi,16.831
hanoi_3671,hanoi,18.001
hanoi_0964,hanoi,31.188
hanoi_3965,hanoi,7.146
hanoi_3347,hanoi,34.982
hanoi_0999,hanoi,30.128
helsinki_0001,helsinki,4.96
helsinki_0086,helsinki,1.175
helsinki_0065,helsinki,10.187
houston_0670,houston,5.485
houston_0820,houston,6.883
houston_1423,houston,11.816
houston_0906,houston,3.21
houston_0163,houston,17.462
houston_0901,houston,7.025
houston_1157,houston,6.781
houston_0205,houston,16.333
houston_0557,houston,12.176
houston_1512,houston,18.395
houston_1198,houston,7.521
houston_0373,houston,11.315
houston_0577,houston,7.262
houston_0831,houston,1.926
houston_1410,houston,16.059
houston_0760,houston,10.863
houston_0414,houston,10.692
houston_0556,houston,11.479
houston_0595,houston,10.389
houston_0083,houston,17.726
houston_0963,houston,10.941
houston_0250,houston,13.731
houston_0709,houston,3.75
houston_0669,houston,4.881
houston_0678,houston,11.237
houston_0755,houston,6.949
houston_1231,houston,8.327
houston_0553,houston,9.484
houston_0744,houston,2.742
houston_0538,houston,7.317
houston_0703,houston,3.319
houston_1151,houston,6.553
houston_1077,houston,6.318
houston_1372,houston,17.251
houston_0976,houston,11.29
houston_0638,houston,12.251
houston_0900,houston,7.81
houston_0253,houston,12.548
houston_0859,houston,7.705
houston_0953,houston,3.505
houston_0552,houston,8.863
houston_0152,houston,18.482
houston_1362,houston,13.689
houston_0259,houston,11.393
houston_1333,houston,17.393
houston_0211,houston,13.615
houston_0306,houston,11.429
houston_0043,houston,18.84
houston_1557,houston,16.513
houston_0845,houston,13.116
houston_0079,houston,19.721
houston_0587,houston,5.677
houston_0852,houston,13.293
houston_0876,houston,5.948
houston_0457,houston,9.078
houston_1409,houston,16.612
houston_1339,houston,13.799
houston_0812,houston,13.28
houston_0061,houston,15.778
houston_1487,houston,14.414
houston_1456,houston,12.937
houston_0113,houston,20.154
houston_0592,houston,8.363
houston_0720,houston,11.801
houston_1360,houston,12.68
houston_0236,houston,18.493
houston_1033,houston,4.268
houston_0541,houston,6.147
houston_0878,houston,7.541
houston_0539,houston,6.856
houston_1313,houston,9.418
houston_0932,houston,14.252
houston_0661,houston,4.445
houston_1050,houston,15.976
houston_0393,houston,12.798
houston_0761,houston,11.652
houston_0817,houston,9.282
houston_0024,houston,16.559
houston_0561,houston,15.068
houston_0338,houston,10.198
houston_0479,houston,15.05
houston_0207,houston,15.314
houston_0593,houston,9.018
houston_0256,houston,11.742
houston_1559,houston,15.913
houston_1376,houston,14.929
houston_0237,houston,19.102
houston_0551,houston,8.274
houston_0789,houston,1.49
houston_0809,houston,15.68
houston_0051,houston,16.021
houston_0346,houston,10.396
houston_0455,houston,10.093
houston_0854,houston,11.696
houston_0297,houston,10.968
houston_0824,houston,3.686
houston_0956,houston,5.575
houston_1618,houston,21.599
houston_0927,houston,13.986
houston_0337,houston,10.453
houston_0830,houston,1.133
houston_0413,houston,11.223
houston_0687,houston,15.102
houston_0510,houston,8.338
houston_0868,houston,0.781
houston_0341,houston,9.795
houston_1044,houston,11.373
houston_0940,houston,7.993
houston_0680,houston,12.771
houston_1303,houston,12.148
houston_0010,houston,17.911
houston_0210,houston,13.991
houston_1163,houston,9.751
houston_1544,houston,20.457
houston_0141,houston,14.223
houston_1227,houston,9.9
houston_0597,houston,11.817
houston_1030,houston,3.844
houston_0748,houston,2.106
houston_0858,houston,8.503
houston_0360,houston,17.669
houston_0546,houston,6.093
houston_1475,houston,20.032
houston_0862,houston,5.317
houston_1183,houston,11.632
houston_1103,houston,9.397
istanbul_1545,istanbul,33.565
istanbul_0092,istanbul,78.188
istanbul_0996,istanbul,51.693
istanbul_1183,istanbul,47.348
istanbul_2545,istanbul,11.185
istanbul_0770,istanbul,59.627
istanbul_0088,istanbul,77.701
istanbul_0568,istanbul,65.387
istanbul_2064,istanbul,22.386
istanbul_1504,istanbul,35.197
istanbul_2043,istanbul,30.607
istanbul_2883,istanbul,10.374
istanbul_1357,istanbul,47.317
istanbul_1425,istanbul,38.423
istanbul_1241,istanbul,45.809
istanbul_1351,istanbul,44.417
istanbul_1399,istanbul,39.189
istanbul_2584,istanbul,10.86
istanbul_2306,istanbul,16.806
istanbul_0992,istanbul,51.346
istanbul_1713,istanbul,40.723
istanbul_1873,istanbul,41.462
istanbul_2214,istanbul,23.052
istanbul_1611,istanbul,31.197
istanbul_2694,istanbul,8.594
istanbul_2173,istanbul,20.979
istanbul_0258,istanbul,76.646
istanbul_2626,istanbul,12.997
istanbul_1686,istanbul,29.629
istanbul_1178,istanbul,45.701
istanbul_1583,istanbul,33.171
istanbul_2491,istanbul,13.949
istanbul_2378,istanbul,15.272
istanbul_1468,istanbul,36.798
istanbul_3236,istanbul,15.436
istanbul_2169,istanbul,20.387
istanbul_2360,istanbul,21.501
istanbul_2424,istanbul,14.925
istanbul_2606,istanbul,25.4
istanbul_2315,istanbul,17.956
istanbul_3185,istanbul,18.812
istanbul_2027,istanbul,23.403
istanbul_2279,istanbul,19.311
istanbul_1667,istanbul,35.106
istanbul_3212,istanbul,18.226
istanbul_2489,istanbul,13.39
istanbul_1882,istanbul,25.789
istanbul_2485,istanbul,12.809
istanbul_0689,istanbul,62.011
istanbul_2797,istanbul,6.087
istanbul_3066,istanbul,11.208
jerusalem_0120,jerusalem,4.184
jerusalem_0103,jerusalem,0.747
jerusalem_0140,jerusalem,6.674
jerusalem_0100,jerusalem,1.809
jerusalem_0038,jerusalem,6.129
jerusalem_0021,jerusalem,5.793
kyiv_0939,kyiv,9.64
kyiv_0893,kyiv,13.705
kyiv_0158,kyiv,14.414
kyiv_1018,kyiv,13.462
kyiv_0518,kyiv,7.753
kyiv_0123,kyiv,11.948
kyiv_0138,kyiv,16.068
kyiv_1075,kyiv,16.234
kyiv_0538,kyiv,2.875
kyiv_0147,kyiv,11.096
kyiv_0394,kyiv,8.529
kyiv_0118,kyiv,17.198
kyiv_0872,kyiv,7.436
kyiv_0377,kyiv,8.267
kyiv_0144,kyiv,11.266
kyiv_0346,kyiv,9.382
kyiv_0548,kyiv,5.254
kyiv_0211,kyiv,10.121
kyiv_0919,kyiv,11.759
kyiv_0143,kyiv,11.434
kyiv_0928,kyiv,8.871
kyiv_0760,kyiv,4.286
kyiv_0418,kyiv,12.243
kyiv_0275,kyiv,7.191
kyiv_0722,kyiv,3.873
kyiv_0340,kyiv,6.166
kyiv_0152,kyiv,11.933
kyiv_0447,kyiv,7.477
kyiv_0606,kyiv,3.705
kyiv_0604,kyiv,5.27
kyiv_0398,kyiv,5.865
kyiv_0592,kyiv,14.819
kyiv_0316,kyiv,11.151
kyiv_0617,kyiv,5.288
kyiv_1034,kyiv,11.375
kyiv_0582,kyiv,5.21
kyiv_0678,kyiv,3.205
kyiv_0474,kyiv,2.325
kyiv_0090,kyiv,13.963
kyiv_0576,kyiv,0.424
kyiv_0157,kyiv,13.916
kyiv_0498,kyiv,8.522
kyiv_0402,kyiv,4.067
kyiv_0534,kyiv,6.03
kyoto_0354,kyoto,4.858
kyoto_0303,kyoto,3.999
kyoto_0386,kyoto,1.034
kyoto_0306,kyoto,3.407
kyoto_0307,kyoto,3.565
kyoto_0454,kyoto,1.245
kyoto_0242,kyoto,7.896
kyoto_0364,kyoto,3.923
kyoto_0484,kyoto,1.436
kyoto_0107,kyoto,20.796
kyoto_0351,kyoto,7.144
kyoto_0487,kyoto,3.034
kyoto_0183,kyoto,7.475
kyoto_0294,kyoto,9.915
kyoto_0310,kyoto,4.867
kyoto_0324,kyoto,6.642
kyoto_0311,kyoto,5.47
kyoto_0580,kyoto,7.697
kyoto_0087,kyoto,25.396
kyoto_0205,kyoto,6.861
kyoto_0647,kyoto,6.858
kyoto_0614,kyoto,13.127
kyoto_0505,kyoto,8.797
kyoto_0429,kyoto,9.092
laplata_0035,laplata,2.582
laplata_0013,laplata,2.268
laplata_0012,laplata,1.83
laplata_0020,laplata,1.139
laplata_0005,laplata,2.483
lasvegas_0105,lasvegas,16.19
lasvegas_0379,lasvegas,14.222
lasvegas_0560,lasvegas,11.497
lasvegas_0416,lasvegas,13.9
lasvegas_0201,lasvegas,10.852
lasvegas_1147,lasvegas,11.019
lasvegas_0661,lasvegas,1.603
lasvegas_1156,lasvegas,11.737
lasvegas_0892,lasvegas,12.7
lasvegas_0069,lasvegas,17.842
lasvegas_0121,lasvegas,13.74
lasvegas_0749,lasvegas,11.99
lasvegas_0955,lasvegas,7.596
lasvegas_0847,lasvegas,5.293
lasvegas_0713,lasvegas,12.74
lasvegas_0801,lasvegas,4.902
lasvegas_0756,lasvegas,11.431
lasvegas_0901,lasvegas,10.947
lasvegas_0868,lasvegas,8.463
lasvegas_0308,lasvegas,11.717
lasvegas_0975,lasvegas,9.339
lasvegas_0345,lasvegas,11.853
lasvegas_0728,lasvegas,4.997
lasvegas_0605,lasvegas,13.724
lasvegas_0846,lasvegas,4.728
lasvegas_0226,lasvegas,17.177
lasvegas_0427,lasvegas,6.649
lasvegas_0312,lasvegas,9.528
lasvegas_0359,lasvegas,7.031
lasvegas_0794,lasvegas,10.046
lasvegas_0747,lasvegas,10.398
lasvegas_0303,lasvegas,14.974
lasvegas_0587,lasvegas,3.114
lasvegas_0907,lasvegas,7.077
lasvegas_0821,lasvegas,12.246
lasvegas_0807,lasvegas,2.836
lasvegas_0466,lasvegas,5.528
lasvegas_0556,lasvegas,8.435
lasvegas_0419,lasvegas,11.714
lasvegas_0274,lasvegas,10.649
lasvegas_1053,lasvegas,8.66
lasvegas_1018,lasvegas,7.54
lasvegas_0494,lasvegas,11.846
lasvegas_0674,lasvegas,11.945
lasvegas_0280,lasvegas,8.624
lasvegas_0812,lasvegas,5.471
lasvegas_0153,lasvegas,16.234
lasvegas_0435,lasvegas,5.756
lasvegas_0284,lasvegas,8.599
lasvegas_1017,lasvegas,7.589
lasvegas_0803,lasvegas,3.685
lasvegas_0344,lasvegas,12.514
lasvegas_1024,lasvegas,8.903
lasvegas_0360,lasvegas,7.248
lasvegas_0880,lasvegas,4.928
lasvegas_0623,lasvegas,1.986
lasvegas_0802,lasvegas,4.262
lasvegas_0356,lasvegas,6.915
lasvegas_0316,lasvegas,8.048
lasvegas_0562,lasvegas,13.053
lasvegas_0973,lasvegas,10.511
lasvegas_0364,lasvegas,8.816
lasvegas_0959,lasvegas,9.912
lasvegas_0870,lasvegas,7.136
lasvegas_0207,lasvegas,10.088
lasvegas_0315,lasvegas,8.328
lasvegas_0290,lasvegas,10.57
lasvegas_0491,lasvegas,14.148
lasvegas_0139,lasvegas,13.672
lasvegas_0791,lasvegas,12.373
lasvegas_0162,lasvegas,11.901
lasvegas_0294,lasvegas,12.749
lasvegas_1051,lasvegas,8.372
lasvegas_0787,lasvegas,13.674
lasvegas_0318,lasvegas,7.71
lasvegas_0861,lasvegas,13.578
lasvegas_1016,lasvegas,7.721
lasvegas_1011,lasvegas,9.431
lasvegas_0875,lasvegas,4.648
lasvegas_1036,lasvegas,14.016
lasvegas_0184,lasvegas,16.739
lasvegas_1259,lasvegas,19.193
leeds_0588,leeds,8.962
leeds_0432,leeds,7.21
leeds_0267,leeds,5.72
leeds_0264,leeds,7.986
leeds_0291,leeds,7.801
leeds_0647,leeds,9.967
leeds_0795,leeds,14.833
leeds_0247,leeds,3.044
leeds_0174,leeds,6.476
leeds_0216,leeds,5.883
leeds_0154,leeds,10.404
leeds_0451,leeds,4.887
leeds_0522,leeds,7.221
leeds_0326,leeds,0.708
leeds_0304,leeds,3.083
lehavre_0014,lehavre,2.081
lehavre_0040,lehavre,2.082
lehavre_0080,lehavre,5.278
lisbon_0087,lisbon,7.544
lisbon_0007,lisbon,6.241
lisbon_0065,lisbon,2.1
lisbon_0057,lisbon,4.485
lyon_0080,lyon,4.704
macau_0038,macau,2.001
macau_0031,macau,5.268
manhattan_0067,manhattan,1.469
manhattan_0066,manhattan,2.256
manhattan_0044,manhattan,4.806
manhattan_0024,manhattan,4.18
manhattan_0081,manhattan,2.096
manhattan_0060,manhattan,1.079
manhattan_0061,manhattan,1.832
manhattan_0035,manhattan,3.049
manhattan_0010,manhattan,7.937
marrakesh_0016,marrakesh,9.164
marrakesh_0053,marrakesh,6.946
marrakesh_0190,marrakesh,6.402
marrakesh_0043,marrakesh,7.252
marrakesh_0212,marrakesh,3.545
marrakesh_0056,marrakesh,6.04
marrakesh_0144,marrakesh,1.598
medellin_0250,medellin,3.919
medellin_0267,medellin,3.838
medellin_0284,medellin,5.187
medellin_0288,medellin,4.719
medellin_0193,medellin,0.964
medellin_0327,medellin,6.299
medellin_0202,medellin,7.27
medellin_0174,medellin,3.129
medellin_0140,medellin,5.801
mendoza_0048,mendoza,9.373
mendoza_0052,mendoza,9.946
mendoza_0045,mendoza,9.138
mendoza_0060,mendoza,10.938
miami_0145,miami,6.781
miami_0155,miami,2.859
miami_0017,miami,7.342
miami_0080,miami,3.872
miami_0156,miami,3.642
miami_0115,miami,6.997
miami_0064,miami,4.306
miami_0048,miami,6.118
miami_0142,miami,4.381
miami_0053,miami,4.943
miami_0141,miami,3.581
miami_0051,miami,5.078
miami_0152,miami,0.772
minneapolis_0274,minneapolis,6.826
minneapolis_0832,minneapolis,11.725
minneapolis_0782,minneapolis,10.876
minneapolis_0736,minneapolis,8.586
minneapolis_0421,minneapolis,6.793
minneapolis_0446,minneapolis,10.785
minneapolis_0297,minneapolis,11.38
minneapolis_0217,minneapolis,6.656
minneapolis_0706,minneapolis,9.159
minneapolis_0327,minneapolis,11.149
minneapolis_0809,minneapolis,10.937
minneapolis_0652,minneapolis,7.891
minneapolis_0272,minneapolis,8.108
minneapolis_0269,minneapolis,10.2
minneapolis_0396,minneapolis,3.788
minneapolis_0386,minneapolis,11.647
minneapolis_0757,minneapolis,10.519
minneapolis_0813,minneapolis,10.826
minneapolis_0390,minneapolis,8.471
minneapolis_0129,minneapolis,8.532
minneapolis_0785,minneapolis,10.151
minneapolis_0673,minneapolis,13.066
minneapolis_0716,minneapolis,8.067
minneapolis_0367,minneapolis,3.45
minneapolis_0733,minneapolis,9.433
minneapolis_0495,minneapolis,4.574
minneapolis_0744,minneapolis,9.456
minneapolis_0360,minneapolis,8.625
minneapolis_0240,minneapolis,9.887
minneapolis_0380,minneapolis,7.898
minneapolis_0330,minneapolis,8.849
minneapolis_0576,minneapolis,3.759
minneapolis_0589,minneapolis,12.16
minneapolis_0474,minneapolis,11.635
minneapolis_0103,minneapolis,9.673
minneapolis_0138,minneapolis,10.38
minneapolis_0362,minneapolis,7.08
minneapolis_0524,minneapolis,4.839
minneapolis_0424,minneapolis,4.4
minneapolis_0164,minneapolis,8.156
minneapolis_0456,minneapolis,2.798
minneapolis_0187,minneapolis,7.391
minneapolis_0464,minneapolis,3.643
minneapolis_0236,minneapolis,12.714
minneapolis_0108,minneapolis,11.498
minneapolis_0548,minneapolis,2.786
minneapolis_0604,minneapolis,4.802
minneapolis_0160,minneapolis,7.66
minneapolis_0549,minneapolis,3.014
minneapolis_0822,minneapolis,13.666
minneapolis_0080,minneapolis,13.645
minneapolis_0690,minneapolis,7.667
minneapolis_0329,minneapolis,9.611
minneapolis_0276,minneapolis,5.708
minsk_0144,minsk,8.018
minsk_0001,minsk,12.153
minsk_0007,minsk,10.394
minsk_0335,minsk,8.679
minsk_0184,minsk,7.601
minsk_0289,minsk,4.915
minsk_0330,minsk,5.143
minsk_0165,minsk,7.002
minsk_0306,minsk,2.813
minsk_0099,minsk,5.26
minsk_0339,minsk,6.128
minsk_0300,minsk,5.112
minsk_0240,minsk,4.519
minsk_0078,minsk,6.612
minsk_0346,minsk,4.558
minsk_0069,minsk,8.187
minsk_0369,minsk,7.406
minsk_0460,minsk,9.408
minsk_0326,minsk,3.603
munich_0505,munich,9.17
munich_0504,munich,9.209
munich_0352,munich,6.455
munich_0082,munich,8.751
munich_0448,munich,7.692
munich_0124,munich,8.318
munich_0501,munich,9.729
munich_0275,munich,8.981
munich_0494,munich,8.531
munich_0491,munich,9.298
munich_0174,munich,7.064
munich_0262,munich,2.617
munich_0357,munich,5.236
munich_0320,munich,4.068
munich_0122,munich,7.52
munich_0137,munich,7.264
orlando_0656,orlando,12.711
orlando_0657,orlando,11.917
orlando_0388,orlando,4.851
orlando_0491,orlando,3.297
orlando_0605,orlando,3.391
orlando_0514,orlando,12.722
orlando_0291,orlando,9.797
orlando_0533,orlando,3.069
orlando_1118,orlando,16.518
orlando_0529,orlando,1.755
orlando_0845,orlando,7.47
orlando_0586,orlando,11.815
orlando_0652,orlando,13.016
orlando_0808,orlando,4.962
orlando_0086,orlando,15.036
orlando_0693,orlando,12.048
orlando_0928,orlando,15.598
orlando_0952,orlando,10.334
orlando_0703,orlando,3.824
orlando_0081,orlando,13.043
orlando_0254,orlando,9.916
orlando_0459,orlando,3.394
orlando_0495,orlando,2.639
orlando_0475,orlando,14.172
orlando_0807,orlando,5.246
orlando_0802,orlando,7.825
orlando_0326,orlando,8.667
orlando_0687,orlando,12.293
orlando_0675,orlando,3.022
orlando_0905,orlando,7.765
orlando_0271,orlando,11.881
orlando_0446,orlando,10.718
orlando_0076,orlando,12.09
orlando_1107,orlando,12.237
orlando_0978,orlando,8.814
orlando_0540,orlando,8.356
orlando_0471,orlando,11.08
orlando_0977,orlando,8.76
orlando_0608,orlando,5.792
orlando_0901,orlando,9.478
orlando_1082,orlando,13.844
orlando_0681,orlando,7.554
orlando_0741,orlando,3.308
orlando_0805,orlando,6.096
orlando_0654,orlando,14.301
orlando_1142,orlando,14.013
orlando_0908,orlando,7.184
orlando_0866,orlando,8.889
orlando_0626,orlando,7.85
orlando_1032,orlando,11.339
orlando_0098,orlando,13.697
orlando_0178,orlando,9.813
orlando_0113,orlando,12.005
orlando_0851,orlando,11.26
orlando_1052,orlando,15.399
orlando_1136,orlando,12.798
orlando_1026,orlando,13.998
orlando_0906,orlando,7.491
orlando_0220,orlando,11.53
orlando_0097,orlando,14.168
orlando_0967,orlando,11.737
orlando_0502,orlando,7.031
orlando_0433,orlando,9.138
orlando_0631,orlando,3.886
orlando_0575,orlando,7.441
orlando_0649,orlando,10.621
orlando_0486,orlando,6.677
orlando_0613,orlando,9.793
orlando_1022,orlando,15.494
orlando_0897,orlando,11.826
orlando_0780,orlando,5.764
phoenix_0417,phoenix,37.179
phoenix_0416,phoenix,36.394
phoenix_0442,phoenix,6.488
phoenix_0538,phoenix,24.324
phoenix_0626,phoenix,4.001
phoenix_0202,phoenix,10.742
phoenix_0823,phoenix,3.161
phoenix_1766,phoenix,21.509
phoenix_1309,phoenix,16.395
phoenix_0532,phoenix,19.682
phoenix_1068,phoenix,3.291
phoenix_0238,phoenix,9.809
phoenix_0385,phoenix,9.407
phoenix_1409,phoenix,8.302
phoenix_0919,phoenix,23.687
phoenix_0568,phoenix,5.215
phoenix_0638,phoenix,10.091
phoenix_1056,phoenix,6.925
phoenix_0923,phoenix,27.686
phoenix_0506,phoenix,5.913
phoenix_1075,phoenix,8.622
phoenix_0882,phoenix,5.986
phoenix_1319,phoenix,24.159
phoenix_1037,phoenix,23.688
phoenix_0636,phoenix,8.644
phoenix_0767,phoenix,5.066
phoenix_0089,phoenix,15.834
phoenix_1071,phoenix,5.51
phoenix_0762,phoenix,2.432
phoenix_0672,phoenix,36.694
phoenix_1427,phoenix,21.455
phoenix_0319,phoenix,8.443
phoenix_1397,phoenix,7.742
phoenix_0724,phoenix,25.474
phoenix_1073,phoenix,7.056
phoenix_1484,phoenix,20.954
phoenix_0163,phoenix,13.096
phoenix_1076,phoenix,9.409
phoenix_0943,phoenix,5.934
phoenix_0161,phoenix,12.538
phoenix_0578,phoenix,11.15
phoenix_0562,phoenix,5.513
phoenix_0076,phoenix,16.836
phoenix_1002,phoenix,4.41
phoenix_0821,phoenix,5.374
phoenix_0639,phoenix,10.831
phoenix_0187,phoenix,31.34
phoenix_1601,phoenix,21.558
phoenix_0779,phoenix,14.272
phoenix_1767,phoenix,22.156
phoenix_0575,phoenix,9.041
phoenix_1010,phoenix,2.222
phoenix_0883,phoenix,5.194
phoenix_0967,phoenix,13.271
phoenix_1260,phoenix,21.649
phoenix_1129,phoenix,9.579
phoenix_0786,phoenix,19.817
phoenix_0966,phoenix,12.471
phoenix_1543,phoenix,23.484
phoenix_0629,phoenix,4.491
phoenix_0942,phoenix,6.735
phoenix_1483,phoenix,20.205
phoenix_0570,phoenix,6.031
phoenix_1184,phoenix,8.316
phoenix_0637,phoenix,9.361
phoenix_0627,phoenix,4.014
phoenix_0594,phoenix,23.369
phoenix_1001,phoenix,5.198
phoenix_0117,phoenix,13.637
phoenix_1454,phoenix,9.87
phoenix_0120,phoenix,13.649
phoenix_1599,phoenix,20.108
phoenix_0879,phoenix,8.372
phoenix_0458,phoenix,13.304
phoenix_1017,phoenix,7.712
phoenix_0886,phoenix,2.844
phoenix_0777,phoenix,12.697
phoenix_0075,phoenix,16.603
phoenix_0536,phoenix,22.769
phoenix_0759,phoenix,3.072
phoenix_1130,phoenix,10.355
phoenix_1648,phoenix,19.074
phoenix_1265,phoenix,25.591
phoenix_1406,phoenix,7.028
phoenix_1753,phoenix,21.703
phoenix_1540,phoenix,21.243
phoenix_0384,phoenix,8.912
phoenix_1203,phoenix,23.098
phoenix_0586,phoenix,17.153
phoenix_1721,phoenix,19.929
phoenix_1649,phoenix,19.769
phoenix_0978,phoenix,22.073
phoenix_0764,phoenix,3.158
phoenix_1545,phoenix,24.994
phoenix_1729,phoenix,25.476
phoenix_1637,phoenix,9.836
phoenix_0619,phoenix,7.149
phoenix_1471,phoenix,9.963
phoenix_0718,phoenix,20.719
phoenix_1482,phoenix,19.46
phoenix_0046,phoenix,17.969
phoenix_1354,phoenix,8.872
phoenix_1441,phoenix,18.595
phoenix_1377,phoenix,25.891
phoenix_0917,phoenix,22.087
phoenix_0279,phoenix,9.523
phoenix_1061,phoenix,3.175
phoenix_0501,phoenix,8.151
phoenix_0007,phoenix,20.177
phoenix_1224,phoenix,8.538
phoenix_0315,phoenix,10.981
phoenix_0425,phoenix,47.428
phoenix_1610,phoenix,28.284
phoenix_1745,phoenix,13.463
phoenix_1159,phoenix,15.866
phoenix_0434,phoenix,10.501
phoenix_1385,phoenix,16.81
phoenix_1214,phoenix,35.822
phoenix_1666,phoenix,34.639
portland_0323,portland,5.874
portland_0343,portland,5.682
portland_0320,portland,3.972
portland_0389,portland,7.593
portland_0260,portland,5.923
portland_0322,portland,5.194
portland_0406,portland,9.223
portland_0188,portland,6.963
portland_0411,portland,7.227
portland_0302,portland,4.792
portland_0369,portland,6.965
portland_0415,portland,7.001
portland_0375,portland,5.322
portland_0208,portland,5.216
portland_0360,portland,5.712
portland_0336,portland,3.935
portland_0317,portland,2.928
portland_0568,portland,14.974
portland_0315,portland,3.19
portland_0399,portland,7.045
portland_0376,portland,5.426
portland_0236,portland,6.708
portland_0235,portland,5.908
portland_0299,portland,2.841
portland_0388,portland,8.094
portland_0410,portland,7.499
portland_0373,portland,5.471
portland_0392,portland,6.465
portland_0274,portland,1.405
portland_0333,portland,5.244
portland_0499,portland,10.928
portland_0099,portland,8.128
portland_0443,portland,10.031
portland_0418,portland,7.75
portland_0475,portland,11.476
portland_0467,portland,9.32
portland_0397,portland,6.403
portland_0486,portland,10.293
portland_0164,portland,7.221
portland_0078,portland,7.947
portland_0162,portland,5.766
portland_0273,portland,1.848
portland_0478,portland,11.073
portland_0436,portland,8.472
portland_0261,portland,6.721
portland_0076,portland,9.234
portland_0247,portland,4.532
portland_0063,portland,8.482
portland_0272,portland,2.478
portland_0363,portland,7.429
portland_0262,portland,7.519
portland_0151,portland,4.576
portland_0200,portland,2.367
prague_0755,prague,18.181
prague_0508,prague,9.791
prague_0297,prague,1.154
prague_0335,prague,9.374
prague_0223,prague,5.767
prague_0189,prague,3.611
prague_0107,prague,6.187
prague_0401,prague,4.037
prague_0428,prague,7.031
prague_0424,prague,4.658
prague_0224,prague,6.489
prague_0371,prague,2.223
prague_0135,prague,5.041
prague_0254,prague,12.517
prague_0540,prague,7.856
prague_0467,prague,5.759
prague_0562,prague,8.649
prague_0708,prague,15.878
quito_1084,quito,21.349
quito_1039,quito,20.932
quito_0132,quito,10.38
quito_0989,quito,20.538
quito_0243,quito,12.535
quito_0454,quito,15.672
quito_0220,quito,9.618
quito_0168,quito,10.947
quito_0934,quito,14.728
quito_1218,quito,14.11
quito_0504,quito,10.207
quito_0605,quito,6.264
quito_1219,quito,14.293
quito_1363,quito,16.623
quito_1035,quito,18.249
quito_0857,quito,27.07
quito_0745,quito,13.017
quito_0188,quito,13.675
quito_0218,quito,11.15
quito_1471,quito,18.658
quito_0660,quito,10.895
quito_0899,quito,22.772
quito_1491,quito,26.483
quito_0905,quito,27.3
quito_1116,quito,12.229
quito_0399,quito,14.042
quito_1080,quito,18.725
quito_0359,quito,17.944
quito_0155,quito,8.624
quito_1068,quito,11.427
quito_0324,quito,7.57
quito_1314,quito,15.469
quito_0702,quito,10.52
quito_0415,quito,16.376
quito_0325,quito,6.773
quito_0192,quito,10.638
quito_1354,quito,16.602
quito_0149,quito,12.734
quito_0590,quito,7.569
quito_0598,quito,3.444
quito_1596,quito,22.636
quito_0252,quito,5.589
quito_0562,quito,13.498
quito_0712,quito,17.955
quito_0741,quito,10.257
quito_0806,quito,26.088
quito_0601,quito,3.991
quito_1060,quito,14.147
quito_0536,quito,7.992
quito_1595,quito,22.436
quito_0541,quito,4.417
quito_0384,quito,2.059
quito_0335,quito,1.372
quito_0156,quito,8.014
riga_0278,riga,2.522
riga_0387,riga,10.663
riga_0219,riga,3.195
riga_0368,riga,10.144
riga_0298,riga,3.235
riga_0342,riga,6.278
riga_0161,riga,7.479
riga_0108,riga,3.364
riga_0228,riga,4.166
riga_0034,riga,6.505
riga_0043,riga,10.984
riga_0471,riga,12.216
riga_0385,riga,9.677
riga_0401,riga,7.88
riga_0434,riga,9.668
riga_0106,riga,3.318
riga_0287,riga,8.433
rotterdam_0180,rotterdam,5.479
rotterdam_0198,rotterdam,7.735
rotterdam_0114,rotterdam,5.956
rotterdam_0092,rotterdam,1.522
rotterdam_0087,rotterdam,2.493
rotterdam_0075,rotterdam,1.641
saltlakecity_0010,saltlakecity,13.648
saltlakecity_0214,saltlakecity,2.176
saltlakecity_0040,saltlakecity,10.737
saltlakecity_0192,saltlakecity,4.152
saltlakecity_0108,saltlakecity,5.746
saltlakecity_0198,saltlakecity,1.044
saltlakecity_0088,saltlakecity,7.359
saltlakecity_0180,saltlakecity,1.682
saltlakecity_0015,saltlakecity,12.848
saltlakecity_0143,saltlakecity,2.548
saltlakecity_0128,saltlakecity,3.245
saltlakecity_0142,saltlakecity,2.445
saltlakecity_0031,saltlakecity,11.517
saltlakecity_0150,saltlakecity,3.67
saltlakecity_0153,saltlakecity,1.865
saltlakecity_0066,saltlakecity,8.95
saltlakecity_0162,saltlakecity,4.168
saltlakecity_0118,saltlakecity,5.633
sapporo_0246,sapporo,7.517
sapporo_0312,sapporo,9.438
sapporo_0558,sapporo,7.426
sapporo_0311,sapporo,8.646
sapporo_0244,sapporo,6.067
sapporo_0549,sapporo,5.469
sapporo_0403,sapporo,3.923
sapporo_0119,sapporo,8.7
sapporo_0370,sapporo,2.972
sapporo_0406,sapporo,6.259
sapporo_0588,sapporo,7.489
sapporo_0378,sapporo,9.361
sapporo_0345,sapporo,9.365
sapporo_0329,sapporo,3.481
sapporo_0616,sapporo,7.082
sapporo_0339,sapporo,4.575
sapporo_0521,sapporo,5.254
sapporo_0464,sapporo,3.488
sapporo_0053,sapporo,12.701
sapporo_0330,sapporo,2.689
sapporo_0300,sapporo,1.28
sapporo_0613,sapporo,6.752
sapporo_0640,sapporo,7.62
sapporo_0431,sapporo,1.961
sapporo_0499,sapporo,8.526
sapporo_0444,sapporo,10.339
sapporo_0703,sapporo,10.004
sapporo_0247,sapporo,8.263
sapporo_0301,sapporo,1.371
sapporo_0579,sapporo,6.511
sapporo_0320,sapporo,10.663
sapporo_0437,sapporo,4.951
sapporo_0113,sapporo,6.88
sapporo_0636,sapporo,8.662
sapporo_0525,sapporo,7.533
sapporo_0362,sapporo,3.468
sapporo_0064,sapporo,10.695
sapporo_0235,sapporo,3.403
sapporo_0681,sapporo,10.45
sarajevo_0066,sarajevo,2.712
seattle_0115,seattle,9.836
seattle_0112,seattle,7.566
seattle_0096,seattle,9.405
seattle_0337,seattle,8.935
seattle_0134,seattle,2.994
seattle_0328,seattle,9.836
seattle_0179,seattle,10.586
seattle_0116,seattle,10.606
seattle_0012,seattle,7.579
seattle_0140,seattle,7.307
seattle_0144,seattle,10.423
seattle_0365,seattle,10.723
seattle_0168,seattle,5.558
seattle_0414,seattle,6.871
skopje_0144,skopje,4.962
skopje_0147,skopje,4.535
sofia_0143,sofia,3.732
sofia_0067,sofia,7.493
sofia_0130,sofia,5.846
sofia_0188,sofia,2.799
sofia_0350,sofia,4.109
sofia_0127,sofia,4.688
sofia_0065,sofia,7.021
sofia_0398,sofia,6.058
sofia_0380,sofia,5.114
sofia_0330,sofia,3.021
sofia_0265,sofia,1.376
sofia_0186,sofia,4.042
sofia_0135,sofia,6.925
sofia_0349,sofia,3.755
stockholm_0112,stockholm,2.571
stockholm_0037,stockholm,6.952
stockholm_0086,stockholm,5.156
stockholm_0186,stockholm,3.91
stockholm_0078,stockholm,2.71
stockholm_0119,stockholm,8.034
tallinn_0123,tallinn,3.296
tallinn_0213,tallinn,5.782
tallinn_0241,tallinn,9.233
tallinn_0091,tallinn,5.016
tallinn_0160,tallinn,0.796
tallinn_0238,tallinn,8.003
tallinn_0095,tallinn,3.874
tashkent_0181,tashkent,13.524
tashkent_0121,tashkent,13.439
tashkent_0274,tashkent,10.166
tashkent_0428,tashkent,7.366
tashkent_0596,tashkent,6.288
tashkent_0225,tashkent,4.932
tashkent_0314,tashkent,11.197
tashkent_0684,tashkent,9.313
tashkent_0144,tashkent,9.008
tashkent_0034,tashkent,9.555
tashkent_0414,tashkent,4.02
tashkent_0193,tashkent,5.577
tashkent_0202,tashkent,6.188
tashkent_0618,tashkent,6.631
tashkent_0161,tashkent,6.691
tashkent_0176,tashkent,9.757
tashkent_0454,tashkent,5.211
tashkent_0639,tashkent,7.425
tashkent_0060,tashkent,9.245
tashkent_0858,tashkent,17.129
tashkent_0585,tashkent,8.545
tashkent_0160,tashkent,7.187
tashkent_0124,tashkent,11.367
tashkent_0295,tashkent,2.236
tashkent_0634,tashkent,8.339
tashkent_0774,tashkent,14.423
tashkent_0566,tashkent,5.019
tashkent_0260,tashkent,3.385
tashkent_0198,tashkent,4.721
tashkent_0264,tashkent,3.478
tbilisi_0164,tbilisi,11.908
tbilisi_0239,tbilisi,10.941
tbilisi_0701,tbilisi,16.624
tbilisi_0543,tbilisi,8.435
tbilisi_0459,tbilisi,10.322
tbilisi_0657,tbilisi,13.618
tbilisi_0340,tbilisi,8.799
tbilisi_0412,tbilisi,8.293
tbilisi_0335,tbilisi,4.8
tbilisi_0665,tbilisi,14.235
tbilisi_0389,tbilisi,8.908
tbilisi_0091,tbilisi,9.504
tbilisi_0061,tbilisi,9.006
tbilisi_0533,tbilisi,7.18
tbilisi_0378,tbilisi,1.398
tehran_0480,tehran,4.207
tehran_0296,tehran,6.511
tehran_0465,tehran,5.539
tehran_0830,tehran,11.756
tehran_0389,tehran,9.326
tehran_0278,tehran,7.126
tehran_0449,tehran,7.484
tehran_0906,tehran,10.733
tehran_0685,tehran,6.995
tehran_0131,tehran,13.252
tehran_0893,tehran,12.004
tehran_0534,tehran,6.705
tehran_0445,tehran,10.404
tehran_0840,tehran,8.434
tehran_0904,tehran,10.274
tehran_0263,tehran,10.323
tehran_0433,tehran,2.065
tehran_0783,tehran,7.181
tehran_0142,tehran,12.644
tehran_0404,tehran,2.944
tehran_0788,tehran,9.234
tehran_0347,tehran,5.533
tehran_0459,tehran,1.322
tehran_0541,tehran,1.578
tehran_0253,tehran,7.783
tehran_0566,tehran,6.136
tehran_0461,tehran,2.503
tehran_0612,tehran,4.133
tehran_0283,tehran,9.192
tehran_0637,tehran,6.171
tehran_0309,tehran,9.836
tehran_0511,tehran,1.84
tehran_0261,tehran,9.31
tehran_0486,tehran,0.715
tehran_0808,tehran,8.059
tehran_0478,tehran,6.602
tehran_0311,tehran,11.15
tehran_0606,tehran,3.348
tehran_0046,tehran,20.313
tehran_0733,tehran,12.891
tehran_0701,tehran,11.102
tehran_0871,tehran,9.252
tehran_0640,tehran,4.459
tehran_0087,tehran,17.816
tehran_0833,tehran,10.229
tehran_0693,tehran,12.619
telaviv_0065,telaviv,1.937
telaviv_0004,telaviv,6.305
telaviv_0024,telaviv,1.296
telaviv_0100,telaviv,6.121
thessaloniki_0636,thessaloniki,19.262
thessaloniki_1808,thessaloniki,15.003
thessaloniki_0640,thessaloniki,6.874
thessaloniki_0635,thessaloniki,20.011
thessaloniki_2650,thessaloniki,53.137
thessaloniki_0541,thessaloniki,10.985
thessaloniki_0854,thessaloniki,4.582
thessaloniki_0111,thessaloniki,28.31
thessaloniki_2759,thessaloniki,66.158
thessaloniki_0070,thessaloniki,33.514
thessaloniki_0702,thessaloniki,5.399
thessaloniki_0472,thessaloniki,22.363
thessaloniki_1582,thessaloniki,20.274
thessaloniki_2745,thessaloniki,64.781
thessaloniki_2649,thessaloniki,53.149
thessaloniki_0116,thessaloniki,29.419
thessaloniki_1236,thessaloniki,9.171
thessaloniki_0926,thessaloniki,0.521
thessaloniki_0920,thessaloniki,15.601
thessaloniki_2730,thessaloniki,63.986
thessaloniki_1317,thessaloniki,11.634
thessaloniki_0377,thessaloniki,16.7
thessaloniki_0701,thessaloniki,5.278
thessaloniki_1232,thessaloniki,11.957
thessaloniki_1189,thessaloniki,4.779
thessaloniki_1177,thessaloniki,8.748
thessaloniki_2731,thessaloniki,64.086
thessaloniki_1014,thessaloniki,7.84
thessaloniki_1071,thessaloniki,2.988
thessaloniki_1234,thessaloniki,10.535
thessaloniki_1181,thessaloniki,6.176
thessaloniki_0864,thessaloniki,14.062
thessaloniki_1420,thessaloniki,7.549
thessaloniki_1073,thessaloniki,2.768
toronto_0634,toronto,12.781
toronto_0035,toronto,13.131
toronto_0250,toronto,11.017
toronto_0534,toronto,5.074
toronto_0034,toronto,13.208
toronto_0388,toronto,3.33
toronto_0594,toronto,7.948
toronto_0338,toronto,13.99
toronto_0286,toronto,7.533
toronto_0094,toronto,12.16
toronto_0557,toronto,5.795
toronto_0601,toronto,11.778
toronto_0273,toronto,12.611
toronto_0374,toronto,8.948
toronto_0452,toronto,6.475
toronto_0466,toronto,2.228
toronto_0403,toronto,0.909
toronto_0602,toronto,12.435
toronto_0070,toronto,13.842
toronto_0194,toronto,8.302
toronto_0411,toronto,5.551
toronto_0197,toronto,8.626
toronto_0152,toronto,12.21
toronto_0295,toronto,13.728
toronto_0391,toronto,5.652
toronto_0689,toronto,16.721
toronto_0433,toronto,7.161
toronto_0238,toronto,6.756
turin_0079,turin,4.936
turin_0185,turin,5.247
turin_0049,turin,5.645
turin_0034,turin,6.127
turin_0035,turin,5.539
turin_0123,turin,4.116
turin_0030,turin,5.79
vancouver_0026,vancouver,4.972
vancouver_0173,vancouver,4.715
vancouver_0116,vancouver,4.866
vancouver_0017,vancouver,5.693
vancouver_0029,vancouver,4.401
vancouver_0003,vancouver,6.802
vancouver_0141,vancouver,4.19
vancouver_0153,vancouver,5.32
vancouver_0172,vancouver,4.491
vancouver_0108,vancouver,0.819
vancouver_0159,vancouver,3.71
vancouver_0140,vancouver,4.814
vancouver_0105,vancouver,3.14
vancouver_0128,vancouver,5.122
vancouver_0038,vancouver,3.708
vancouver_0011,vancouver,6.002
vancouver_0073,vancouver,5.644
vancouver_0195,vancouver,6.191
vancouver_0121,vancouver,1.397
vancouver_0060,vancouver,3.701
vancouver_0020,vancouver,5.202
vancouver_0137,vancouver,3.193
vancouver_0090,vancouver,3.935
vancouver_0139,vancouver,5.485
vancouver_0036,vancouver,3.67
vancouver_0158,vancouver,3.604
vancouver_0182,vancouver,5.419
vancouver_0102,vancouver,5.53
vancouver_0193,vancouver,6.763
vancouver_0047,vancouver,3.183
verona_0544,verona,20.66
verona_1969,verona,34.063
verona_1319,verona,9.263
verona_2040,verona,15.775
verona_2762,verona,20.055
verona_1612,verona,3.728
verona_1482,verona,5.966
verona_1433,verona,2.717
verona_0831,verona,17.593
verona_2659,verona,33.083
verona_2283,verona,12.015
verona_1239,verona,10.592
verona_0147,verona,21.19
verona_0068,verona,26.266
verona_1765,verona,8.234
verona_1119,verona,8.939
verona_3189,verona,44.895
verona_0420,verona,23.581
verona_1921,verona,30.764
verona_2354,verona,18.423
verona_1122,verona,7.042
verona_0862,verona,15.148
verona_0761,verona,28.405
verona_0929,verona,13.397
verona_1686,verona,17.573
verona_0525,verona,23.143
verona_2929,verona,23.323
vienna_0633,vienna,12.202
vienna_0605,vienna,10.322
vienna_0442,vienna,5.192
vienna_0440,vienna,4.314
vienna_0197,vienna,4.465
vienna_0520,vienna,10.358
vienna_0368,vienna,9.135
vienna_0457,vienna,7.788
vienna_0195,vienna,4.089
vienna_0088,vienna,9.72
vienna_0407,vienna,4.912
vienna_0406,vienna,5.554
vienna_0260,vienna,1.785
vienna_0206,vienna,8.46
vienna_0573,vienna,9.361
vienna_0459,vienna,6.587
vienna_0536,vienna,8.703
vienna_0432,vienna,6.039
vienna_0530,vienna,7.122
vienna_0170,vienna,5.355
vienna_0230,vienna,6.676
vienna_0159,vienna,8.716
vienna_0270,vienna,7.596
vienna_0070,vienna,11.309
vienna_0117,vienna,8.042
vienna_0097,vienna,8.284
vienna_0120,vienna,10.768
vilnius_0523,vilnius,6.428
vilnius_0209,vilnius,7.593
vilnius_0474,vilnius,5.95
vilnius_0579,vilnius,14.677
vilnius_0126,vilnius,7.446
vilnius_0262,vilnius,4.015
vilnius_0297,vilnius,4.453
vilnius_0398,vilnius,3.659
vilnius_0018,vilnius,13.897
vilnius_0289,vilnius,2.227
vilnius_0172,vilnius,5.031
vilnius_0461,vilnius,7.81
vilnius_0316,vilnius,0.449
vilnius_0508,vilnius,7.025
vilnius_0199,vilnius,5.427
vilnius_0351,vilnius,7.596
vilnius_0477,vilnius,4.868
vilnius_0321,vilnius,3.563
warsaw_0621,warsaw,6.923
warsaw_0364,warsaw,12.117
warsaw_0127,warsaw,9.226
warsaw_0048,warsaw,9.475
warsaw_0232,warsaw,2.083
warsaw_0733,warsaw,11.724
warsaw_0565,warsaw,6.461
warsaw_0132,warsaw,6.05
warsaw_0683,warsaw,9.687
warsaw_0229,warsaw,3.224
warsaw_0233,warsaw,2.21
warsaw_0524,warsaw,4.383
warsaw_0105,warsaw,5.829
warsaw_0390,warsaw,8.814
warsaw_0242,warsaw,8.211
warsaw_0036,warsaw,8.692
warsaw_0393,warsaw,11.2
warsaw_0246,warsaw,11.337
warsaw_0529,warsaw,6.414
warsaw_0379,warsaw,1.12
warsaw_0167,warsaw,3.783
warsaw_0463,warsaw,10.695
warsaw_0255,warsaw,11.338
warsaw_0454,warsaw,4.154
warsaw_0776,warsaw,14.999
warsaw_0143,warsaw,6.526
warsaw_0551,warsaw,8.887
warsaw_0615,warsaw,9.324
warsaw_0436,warsaw,11.589
warsaw_0808,warsaw,15.775
warsaw_0517,warsaw,6.504
warsaw_0238,warsaw,5.179
warsaw_0559,warsaw,5.192
warsaw_0405,warsaw,8.289
warsaw_0275,warsaw,4.912
warsaw_0112,warsaw,6.147
